name,model,category,yahoo_price,net_cost,mercari_median_v2,mercari_count_v2,mercari_note,yahooAuction_median_v2,yahooAuction_count_v2,conservative_v2,shipping,profit_v2,margin_v2,profit_small_v2,is_profitable_v2,confidence,total_count,yahoo_url,old_conservative,old_profit
SIROCA　ハンディファン ストーングレー　SF-H631HS,SF-H631HS,扇風機本体,2530,1362,,0,no_prices,2530,2,2530,600,315,12.45,615,False,low,2,https://store.shopping.yahoo.co.jp/y-kojima/4589919844296.html,2530,315
サンコネクション 準固体バッテリー搭載 ハンディファン ChibiGEAR ホワイト SUNMHF-01 【864】,SUNMHF-01,扇風機本体,4378,3006,,0,no_prices,4378,2,4378,600,334,7.63,634,False,low,2,https://store.shopping.yahoo.co.jp/y-sofmap/4573616740234.html,4378,334
NAKAGAMI　大風量ハンディファン 充電式 台座付 ベージュ　YNG-LHF200-BE,YNG-LHF200-BE,扇風機本体,2178,1048,,0,no_prices,2284,6,2284,600,408,17.85,708,True,high,6,https://store.shopping.yahoo.co.jp/y-kojima/4580441488804.html,2284,408
ユアサ　折り畳み 5WAYハンディファン パワフル風量　YM-7020HS-H,YM-7020HS-H,扇風機本体,3980,2652,,0,no_prices,3980,1,3980,600,330,8.29,630,False,low,1,https://store.shopping.yahoo.co.jp/y-kojima/4979966573971.html,3980,330
SIROCA ハンディファン  ストーングレー SF-H631HS,SF-H631HS,扇風機本体,2530,1362,,0,no_prices,2530,2,2530,600,315,12.45,615,False,low,2,https://store.shopping.yahoo.co.jp/y-sofmap/4589919844296.html,2530,315
多摩電子工業 折り畳みハンディファン　オリオンビールコラボモデル ホワイト,,扇風機本体,2850,1646,,0,no_model,,0,,600,,,,False,none,0,https://store.shopping.yahoo.co.jp/y-sofmap/4518707317742.html,3839,1209
NAKAGAMI 充電式大風量ハンディファン  ベージュ YNG-LHF200-BE,YNG-LHF200-BE,扇風機本体,2178,1048,,0,no_prices,2284,6,2284,600,408,17.85,708,True,high,6,https://store.shopping.yahoo.co.jp/y-sofmap/4580441488804.html,2284,408
多摩電子工業 折り畳みハンディファン オリオンビールコラボモデル グレー,,扇風機本体,2850,1646,,0,no_model,,0,,600,,,,False,none,0,https://store.shopping.yahoo.co.jp/y-sofmap/4518707317759.html,3839,1209
ファンマックスジャパン ハンディクリーナー CellCube CCVC01-BG コードレス,CCVC01-BG,ハンディークリーナー,10610,8553,,0,no_prices,8780,5,8780,600,-1251,-14.25,-951,False,high,5,https://store.shopping.yahoo.co.jp/y-sofmap/4582586410597.html,8780,-1251
SIROCA　ハンディファン サーモンピンク　SF-H631PL,SF-H631PL,扇風機本体,2530,1362,,0,no_prices,2508,3,2508,600,295,11.77,595,True,medium,3,https://store.shopping.yahoo.co.jp/y-kojima/4589919844272.html,2508,295
SIROCA　ハンディファン ティール　SF-H631AG,SF-H631AG,扇風機本体,2530,1362,,0,no_prices,2530,2,2530,600,315,12.45,615,False,low,2,https://store.shopping.yahoo.co.jp/y-kojima/4589919844265.html,2530,315
多摩電子工業　折りたたみハンディファン オリオンビールコラボモデル ネックストラップ付き 卓上 グレー　ACP5-ORH,ACP5-ORH,扇風機本体,2850,1646,,0,no_prices,2850,2,2850,600,319,11.19,619,False,low,2,https://store.shopping.yahoo.co.jp/y-kojima/4518707317759.html,2850,319
多摩電子工業　折りたたみハンディファン オリオンビールコラボモデル ネックストラップ付き 卓上 ホワイト　ACP5-ORW,ACP5-ORW,扇風機本体,2850,1646,3344,2,title_unavailable,2850,2,2850,600,319,11.19,619,True,medium,4,https://store.shopping.yahoo.co.jp/y-kojima/4518707317742.html,2850,319
SIROCA　冷却プレート付きハンディファン ダークネイビー　SF-H751-AD,SF-H751-AD,扇風機本体,2907,1697,,0,no_prices,2907,1,2907,600,319,10.98,619,False,low,1,https://store.shopping.yahoo.co.jp/y-kojima/4589919850167.html,2907,319
SIROCA　冷却プレート付きハンディファン ミルクティー　SF-H751-CH,SF-H751-CH,扇風機本体,2907,1697,,0,no_prices,2980,2,2980,600,385,12.92,685,False,low,2,https://store.shopping.yahoo.co.jp/y-kojima/4589919850174.html,2980,385
コンピューケースジャパン　USBハンディファン agreen マーブルグリーン　JUF-KF07-MGR,JUF-KF07-MGR,扇風機本体,2980,1762,,0,no_prices,2980,1,2980,600,320,10.74,620,False,low,1,https://store.shopping.yahoo.co.jp/y-kojima/4541995040535.html,2980,320
SIROCA　冷却プレート付きハンディファン ホワイト　SF-H751-W,SF-H751-W,扇風機本体,2907,1697,2204,2,title_unavailable,2980,2,2204,600,-313,-14.22,-13,False,medium,4,https://store.shopping.yahoo.co.jp/y-kojima/4589919850181.html,2204,-313
ユアサ　折り畳み 5WAYハンディファン パワフル風量　YM-7020HS-A,YM-7020HS-A,扇風機本体,3980,2652,,0,blocked,3980,1,3980,600,330,8.29,630,False,low,1,https://store.shopping.yahoo.co.jp/y-kojima/4979966573988.html,3000,-552
ヤマゼン　サーキュレーター扇風機 DCモーター搭載 (省エネタイプ) 23cm 7枚 PD仕様 リモコン付き グレージュ　RLX-MP023-C,RLX-MP023-C,扇風機本体,6980,5322,,0,blocked,7600,8,7600,600,918,12.08,918,True,high,8,https://store.shopping.yahoo.co.jp/y-kojima/4550533145441.html,7600,918
ヤマゼン　扇風機 DCモーター搭載 (省エネタイプ) 自動首振り機能あり 30cm 7枚 PD仕様 リモコン付き グレージュ　RLX-CP030-C,RLX-CP030-C,扇風機本体,6980,5322,,0,blocked,7390,12,7390,600,729,9.86,729,False,high,12,https://store.shopping.yahoo.co.jp/y-kojima/4550533145861.html,6490,-81
ヤマゼン　サーキュレーター扇風機 DCモーター搭載 (省エネタイプ) 23cm 7枚 PD仕様 リモコン付き ライトグレー　RLX-MP023-H,RLX-MP023-H,扇風機本体,6980,5322,,0,blocked,6980,2,6980,600,360,5.16,360,False,low,2,https://store.shopping.yahoo.co.jp/y-kojima/4550533145427.html,6980,360
シィーネット　ハイポジ温度センサーDCリビング扇  ホワイト (35cm)　CFDH407WH,CFDH407WH,扇風機本体,9980,7992,,0,blocked,11330,4,11330,600,1605,14.17,1605,True,medium,4,https://store.shopping.yahoo.co.jp/y-kojima/4571102092713.html,3888,-5093
ダイソン　dyson　DysonHot＋Cool HF1remotelinkpre-heatファンヒーター ［DCモーター搭載 / リモコン付き］ ホワイト/シルバー　AM15WS,HF1REMOTELINKPRE-HEAT,扇風機本体,55500,48505,,0,blocked,55500,4,55500,600,845,1.52,845,False,medium,4,https://store.shopping.yahoo.co.jp/y-kojima/5025155111949.html,55500,845
SIROCA　加湿付き温冷風扇　シロカのなごみ　ホワイト　［リモコン付き］　SH-C252,SH-C252,扇風機本体,20790,17613,,0,blocked,7480,18,7480,600,-11481,-153.49,-11481,False,high,18,https://store.shopping.yahoo.co.jp/y-kojima/4589919819881.html,7480,-11481
ヤマゼン　衣類乾燥除湿機 コンプレッサー方式 7〜14畳目安 上下自動ルーバー タンク容量4.5L グレージュ　RCD-J60-C,RCD-J60-C,除湿機,19580,16536,,0,blocked,19168,6,19168,1200,-485,-2.53,-485,False,high,6,https://store.shopping.yahoo.co.jp/y-kojima/4550533146349.html,12250,-6111
SIROCA　シロカ 壁掛け扇風機 壁掛けふわビューン DCモーター搭載 自動首振り機能あり リモコン付き ホワイト　SF-W251,SF-W251,扇風機本体,12980,10662,,0,blocked,12271,6,12271,600,-218,-1.78,-218,False,high,6,https://store.shopping.yahoo.co.jp/y-kojima/4589919849383.html,5625,-6200
SWITCHBOT　スマートサーキュレーターLite ［DCモーター搭載 /リモコン付き］　W3800511,SWITCHBOT,扇風機本体,10980,8882,,0,blocked,,0,,600,,,,False,none,0,https://store.shopping.yahoo.co.jp/y-kojima/0810150541441.html,2700,-7052
ライフオンプロダクツ　Modern Collection パネライトサーキュレーター（6400lm） JAVALO ELF [リモコン付き /白色〜電球色]　JE-CF029,JE-CF029,扇風機本体,32780,28284,,0,blocked,32780,11,32780,600,618,1.89,618,False,high,11,https://store.shopping.yahoo.co.jp/y-kojima/JE-CF029.html,21500,-9534
クレイモア　卓上扇風機 DCモーター搭載 (省エネタイプ) FAN V600＋ 充電式 SAND BEIGE　CLFN-V610,CLFN-V610,扇風機本体,5980,4432,,0,blocked,7030,10,7030,600,1295,18.42,1295,True,high,10,https://store.shopping.yahoo.co.jp/y-kojima/CLFN-V610.html,5500,-82
