rank,name,category,seller,yahoo_price,coupon_discount,point_return,net_cost,mercari_median,mercari_min,profit_yen,profit_margin_pct,is_profitable,yahoo_url
75,ソニー　SONY　お手元TVスピーカー [防滴]　SRS-LSR200,センタースピーカー,コジマYahoo!店,22553,1000,2155,19182,11500,5000,-9432,-82.02,False,https://store.shopping.yahoo.co.jp/y-kojima/4548736109599.html
60,ソニー　SONY　ヘッドホン　MDR-CD900ST,ヘッドホン本体,コジマYahoo!店,24860,1000,2386,21235,10950,1980,-11980,-109.41,False,https://store.shopping.yahoo.co.jp/y-kojima/4901780586080.html
61,ジャノメ　JN508DX-2B　JN508DX-2B,電動ミシン,コジマYahoo!店,20800,1000,1980,17622,12500,10000,-6972,-55.78,False,https://store.shopping.yahoo.co.jp/y-kojima/4933621351663.html
62,シンガー　電動ミシン　SN20A,電動ミシン,コジマYahoo!店,21130,1000,2013,17916,8600,4200,-10776,-125.3,False,https://store.shopping.yahoo.co.jp/y-kojima/4932781051857.html
63,パナソニック　Panasonic　高周波治療器 「コリコラン」　EW-CRA518-K,低周波治療器,コジマYahoo!店,28200,1000,2720,24208,17718,3500,-8862,-50.02,False,https://store.shopping.yahoo.co.jp/y-kojima/4549980094044.html
64,BOSE　テレビスピーカー Bose TV Speaker [ Bluetooth 対応 ] ブラック　Bose TV Speaker,ホームシアターシステム,コジマYahoo!店,30481,1000,2948,26238,15100,900,-13248,-87.74,False,https://store.shopping.yahoo.co.jp/y-kojima/4969929254795.html
76,アイホン　モニターワイヤレステレビドアホン スノーホワイト　KR-77,インターホン,コジマYahoo!店,29089,1000,2809,24999,3196,800,-22723,-710.97,False,https://store.shopping.yahoo.co.jp/y-kojima/4968249287940.html
77,パナソニック　Panasonic　ミニコンポ シルバー　SC-PMX90S,ミニコンポ,コジマYahoo!店,28800,1000,2780,24742,17500,4900,-9592,-54.81,False,https://store.shopping.yahoo.co.jp/y-kojima/4549980217375.html
65,マキタ　スティッククリーナー サイクロン式 コードレス オリーブ【バッテリ・充電器 別売】　CL286FD-ZO,掃除機,コジマYahoo!店,23453,1000,2245,19983,16150,15000,-6048,-37.45,False,https://store.shopping.yahoo.co.jp/y-kojima/0088381781602.html
89,IOデータ　Mini LED採用 200Hzゲーミングモニター KH-GDQ271JLAQ GigaCrysta ［ 27型 / WQHD(2560×1440) / ワイド ］ ブラック　,パソコン用ディスプレイ、モニター,コジマYahoo!店,52130,1000,5113,45506,10000,990,-37106,-371.06,False,https://store.shopping.yahoo.co.jp/y-kojima/4957180182469.html
90,IOデータ　ゲーミングモニター KH-GDQ271JA 180Hz＆WQHD対応27型「GigaCrysta」 GigaCrysta ［27型 /WQHD(2560×1440) /ワイド］ ブラック　,パソコン用ディスプレイ、モニター,コジマYahoo!店,30008,1000,2901,25817,28900,20000,-407,-1.41,False,https://store.shopping.yahoo.co.jp/y-kojima/4957180171050.html
78,ソニー　SONY　ホームシアター （サウンドバー） [2.1ch /Bluetooth対応 /DolbyAtmos対応]　HT-X8500,ホームシアターシステム,コジマYahoo!店,52800,1000,5180,46102,8750,1500,-38827,-443.74,False,https://store.shopping.yahoo.co.jp/y-kojima/4548736089501.html
66,シャープ　SHARP　冷凍庫 1ドア 126L 付け替えどっちもドア 冷凍冷蔵切替 ファン式 幅50cm スノーホワイト　FJ-HF13H-W（標準設置無料）,冷凍庫,コジマYahoo!店,43551,1000,4255,37870,18500,1280,-21820,-117.95,False,https://store.shopping.yahoo.co.jp/y-kojima/4974019205755.html
67,IOデータ　275Hz＆WQHD対応ゲーミングモニター KH-GDQ271UA GigaCrysta ［27型 / WQHD(2560×1440) / ワイド］ ブラック　,パソコン用ディスプレイ、モニター,コジマYahoo!店,29980,1000,2898,25792,34500,15980,4658,13.5,False,https://store.shopping.yahoo.co.jp/y-kojima/4957180185699.html
68,マキタ　スティッククリーナー サイクロン式 コードレス 白【バッテリ・充電器 別売】　CL286FD-ZW,掃除機,コジマYahoo!店,23453,1000,2245,19983,15000,15000,-7083,-47.22,False,https://store.shopping.yahoo.co.jp/y-kojima/0088381781589.html
91,BUFFALO　ブルーレイドライブ 外付け 光学式 BD(Blu-ray) DVD CD ポータブル Mac/Win BDXL対応　BRXL-PTV6U3-BKB,ブルーレイディスクドライブ,コジマYahoo!店,22980,1000,2198,19562,4000,350,-16562,-414.05,False,https://store.shopping.yahoo.co.jp/y-kojima/4981254062319.html
79,BUFFALO　外付けHDD テレビ・レコーダー録画用 ブラック [据え置き型 /4TB]　HD-CD4U3-BA,HDD、ハードディスクドライブ,コジマYahoo!店,27800,1000,2680,23852,12500,3000,-13202,-105.62,False,https://store.shopping.yahoo.co.jp/y-kojima/4981254055489.html
69,（標準取付工事費込）ORIGINALBASIC　エアコン おもに6畳用 (解凍洗浄と上下左右スイング搭載)　OB-HA22BK1-W ホワイト,家庭用エアコン,コジマYahoo!店,69300,1000,6830,60787,,,,,False,https://store.shopping.yahoo.co.jp/y-kojima/2919200090286.html
70,シンガー　コンピュータミシン　SN778EX,コンピューターミシン,コジマYahoo!店,52580,1000,5158,45906,17500,2800,-30756,-175.75,False,https://store.shopping.yahoo.co.jp/y-kojima/4932781051840.html
92,ソニー　SONY　フルワイヤレスイヤホン WF-LS900N LinkBuds S ブラック [ ワイヤレス ( 左右分離 ) / ノイズキャンセリング 対応 / Bluetooth 対応 ] 　,イヤホン本体,コジマYahoo!店,26400,1000,2540,22606,4444,800,-19206,-432.19,False,https://store.shopping.yahoo.co.jp/y-kojima/4548736132993.html
93,エプソン　EPSON　A3カラーインクジェット複合機 ビジネスプリンター　PX-M6010F,プリンター、複合機 その他,コジマYahoo!店,35640,1000,3464,30830,9000,555,-23330,-259.22,False,https://store.shopping.yahoo.co.jp/y-kojima/4988617361973.html
94,WESTERN DIGITAL　外付けHDD  ポータブル型  1TB 　WDBUZG0010BBK-JESE,HDD、ハードディスクドライブ,コジマYahoo!店,20680,1000,1968,17515,6883,1000,-11920,-173.18,False,https://store.shopping.yahoo.co.jp/y-kojima/0718037882024.html
71,B next　シルクプロアイロン radiant ラディアント 28mm 130℃〜220℃ 交流(コード)式 レッド　LM125-R,ヘアアイロン,コジマYahoo!店,22000,1000,2100,18690,14500,4700,-6240,-43.03,False,https://store.shopping.yahoo.co.jp/y-kojima/4560459071519.html
72,ダイソン　dyson　スティッククリーナー Digital Slim Origin サイクロン式 コードレス ニッケル/アイアン/ニッケル　SV18FFOR2,掃除機,コジマYahoo!店,43780,1000,4278,38074,7915,980,-31550,-398.62,False,https://store.shopping.yahoo.co.jp/y-kojima/5025155082720.html
95,サンディスク　外付けSSD USB-C+USB-A接続 エクストリーム V2 ブラック オレンジ  ポータブル型  1TB 　SDSSDE61-1T00-J25,外付けSSD,コジマYahoo!店,49800,1000,4880,43432,977,450,-43153,-4416.86,False,https://store.shopping.yahoo.co.jp/y-kojima/4523052024313.html
96,サンディスク　外付けSSD USB-C+USB-A接続 エクストリーム V2 ブラック オレンジ  ポータブル型  2TB 　SDSSDE61-2T00-J25,外付けSSD,コジマYahoo!店,79800,1000,7880,70132,977,450,-69853,-7149.71,False,https://store.shopping.yahoo.co.jp/y-kojima/4523052024542.html
73,ソウイジャパン　本格コーヒー生豆焙煎機 SOUYI コーヒー焙煎機(微調整機能付き) 　SY-121N,家庭用コーヒーメーカー,コジマYahoo!店,21800,1000,2080,18512,12999,6000,-7413,-57.03,False,https://store.shopping.yahoo.co.jp/y-kojima/4571390307698.html
97,エプソン　EPSON　A4カラーインクジェット複合機 エコタンク搭載モデル ブラック [カード／名刺〜A4]　EW-M873T,インクジェットプリンター、インクジェット複合機,コジマYahoo!店,68200,1000,6720,59808,9140,600,-52182,-570.92,False,https://store.shopping.yahoo.co.jp/y-kojima/4988617369337.html
74,シャープ　SHARP　プラズマクラスター搭載 除菌脱臭機 ホワイト系 適用畳数 15畳　DY-S01-W ホワイト系,イオン発生器,コジマYahoo!店,26796,1000,2580,22958,14800,6000,-10238,-69.18,False,https://store.shopping.yahoo.co.jp/y-kojima/4974019121192.html
98,BUFFALO　ブルーレイドライブ 外付け 光学式 BD(Blu-ray) DVD CD ポータブル Mac/Win BDXL対応　BRXL-PTV6U3-RDB,ブルーレイディスクドライブ,コジマYahoo!店,21830,1000,2083,18539,4000,350,-15539,-388.47,False,https://store.shopping.yahoo.co.jp/y-kojima/4981254062340.html
