rank,retailer,query,name,model,category,yahoo_price,net_cost,mercapi_median,mercapi_count,yahooAuction_median,yahooAuction_count,conservative_median,shipping,profit_yen,profit_margin,is_profitable,confidence,total_count,yahoo_url
271,ノジマ,テレビ 4K,ファイヤースティック Amazon Fire TV Stick Fire TV Stick HD ファイヤースティックTV Alexa対応音声認識リモコン,AMAZON,AV機器用リモコン,6980,5322,4000,120,4295,16,4000,800,-2522,-63.05,False,high,136,https://store.shopping.yahoo.co.jp/daikichidepart/b0bqvpl3q5.html
283,ノジマ,冷蔵庫,ギフト カニ かに 蟹 ズワイガニ ポーション 刺身 生 カット生ずわい蟹 特盛 1.8kg 総重量 2.4kg 前後 お刺身OK 贈り物 誕生日 FF ポイント利用 爆買,,ズワイガニ,11940,9737,,0,,0,,800,,,False,none,0,https://store.shopping.yahoo.co.jp/kouragumi/100007.html
295,ノジマ,洗濯機 ドラム,柔軟剤 ランドリン クラシックフローラル 詰め替え 大容量 3倍サイズ 1440ml 3個セット | 送料無料 詰替用 つめかえ用 液体 無添加 オーガニック 部屋干し,1440ML,柔軟剤,5214,4045,2550,120,2690,20,2550,800,-2550,-100.0,False,high,140,https://store.shopping.yahoo.co.jp/naturelab-store/4582469501695-3.html
94,ビックカメラ,エアコン 6畳,（標準取付工事費込）ORIGINALBASIC　エアコン おもに6畳用 (解凍洗浄と上下左右スイング搭載)　OB-HA22BK1-W ホワイト,OB-HA22BK1-W,家庭用エアコン,69300,60787,33800,10,29000,18,29000,3000,-37687,-129.96,False,high,28,https://store.shopping.yahoo.co.jp/y-kojima/2919200090286.html
307,ノジマ,掃除機 コードレス,9/6までP最大11倍 掃除機 コードレス スティック  サイクロン クリーナー 充電式 22.2V 吸引力の強い掃除機 Orage C33 ギフトにも。 ポイント利用,ORAGE,掃除機,13980,12201,6050,120,2500,14,2500,800,-10751,-430.04,False,high,134,https://store.shopping.yahoo.co.jp/tvfusion/cleaner-cordless-c33.html
319,ノジマ,電子レンジ,カニ かに 蟹 ズワイガニ 小型 ズワイガニ 姿 メガ盛 ボイル 3kg ずわいがに姿 7尾 FF ポイント利用 爆買,,ズワイガニ,19999,16909,,0,,0,,800,,,False,none,0,https://store.shopping.yahoo.co.jp/kouragumi/100012a.html
331,ノジマ,炊飯器,炊飯器 5.5合 一人暮らし 圧力IH アイリスオーヤマ アイリス 5合炊き 圧力炊飯器 圧力IH炊飯器 IH炊飯器 IH 炊飯ジャー 銘柄炊き 早炊き ブラック RC-PDA50,RC-PDA50,炊飯器本体,21800,18512,7950,49,10730,20,7950,800,-12157,-152.92,False,high,69,https://store.shopping.yahoo.co.jp/insdenki-y/562099.html
343,ノジマ,パソコン ノート,福袋 2026 ノートパソコン 新品パソコン AMD Ryzen5 7430U CPU 15型 メモリ 16GB SSD 256GB Windows11 Office 搭載 オフィス付き Wifi TypeC,WINDOWS11,Windowsノート,88800,78142,25950,120,16500,15,16500,800,-64092,-388.44,False,high,135,https://store.shopping.yahoo.co.jp/oa-plaza/noto-hp-6730b.html
355,ノジマ,タブレット,【ポイント10%】 大人のカロリミット 機能性表示食品 90回分 ダイエットサプリ サプリメント ブラックジンジャー 健康食品 ファンケル FANCL 公式,FANCL,ダイエットサプリ,7982,6214,3000,120,2800,17,2800,800,-4494,-160.5,False,high,137,https://store.shopping.yahoo.co.jp/fancl-y/5298-12.html
367,ノジマ,カメラ ミラーレス,【OUTLET】Manfrotto マンフロット Elementトラベル三脚 スモール レッド MKELES5RD-BH 一眼レフ用 コンパクト ビデオカメラ カメラ 全伸高143cm アウトレット品,MKELES5RD-BH,カメラ用三脚,8980,7102,6500,21,13524,16,6500,600,-1852,-28.49,False,high,37,https://store.shopping.yahoo.co.jp/vitec/8024221667912-56e-ol.html
379,ノジマ,ヘッドホン,【6カラー】電子ピアノ 88鍵盤 ハンマーアクション鍵盤 ピアノタッチ 木製スタンド 3本ペダル ヘッドホン3か所 日本語表示 【演奏動画あり】,,電子ピアノ,49800,43432,,0,,0,,800,,,False,none,0,https://store.shopping.yahoo.co.jp/hayarishop/carina-lup0088.html
391,ノジマ,ゲーム Switch,マイクロSDカード 128GB SDカード micro ニンテンドー スイッチ Nintendo Switch メモリー SDXC UHS-I U3 Class10 日本製 4K おすすめ,UHS-I,MicroSDメモリーカード,5481,3988,2350,120,1980,19,1980,800,-3006,-151.82,False,high,139,https://store.shopping.yahoo.co.jp/albert0051/mc-s.html
403,ノジマ,スマートウォッチ,HUAWEI Band 11 Aluminum Edition スマートウォッチ 8.99mm/17g薄型軽量 アルミニウムケース 睡眠管理 1500nits高輝度 1.62大画面 14日持続バッテリー LINE通知,ALUMINUM,スマートウォッチ本体,7800,6052,7740,120,10600,18,7740,800,114,1.47,False,high,138,https://store.shopping.yahoo.co.jp/huaweistore/55020anj.html
415,ノジマ,美容家電 ドライヤー,ドライヤー 速乾 大風量 サロニア SALONIA 公式店 ヘアドライヤー ヘアードライヤー 1200w 大風量 冷風 高速 スピーディー イオンドライヤー,SALONIA,ヘアドライヤー,5918,4377,5250,120,3825,14,3825,800,-1734,-45.35,False,high,134,https://store.shopping.yahoo.co.jp/queensshop/sal004.html
427,ノジマ,調理家電,特典付［ recolte 自動調理ポット ］レコルト 豆乳メーカー 全自動 スープメーカー ミキサー ブレンダー 氷も砕ける 自動 保温 スープ 離乳食 豆乳マシン RSY-2,RSY-2,ジューサー、ミキサー、フードプロセッサー,13200,11346,1690,120,10500,18,1690,800,-10625,-628.7,False,high,138,https://store.shopping.yahoo.co.jp/roomy/win2006-nx014-1.html
439,ノジマ,SONY ブラビア KJ-,壁掛けテレビ金具 金物 TVセッターチルト EI400 Sサイズ,EI400,テレビ用壁掛け金具,5610,4103,4500,32,14682,19,4500,1500,-1553,-34.51,False,high,51,https://store.shopping.yahoo.co.jp/kabekake-shop/tvstiei400s.html
451,ノジマ,パナソニック 冷蔵庫 NR-F,ARBHDB100030 パナソニック 冷蔵庫 用の チルドドア ★ Panasonic,ARBHDB100030,冷蔵庫部品、アクセサリー,5120,3667,,0,5120,5,5120,3000,-2059,-40.21,False,high,5,https://store.shopping.yahoo.co.jp/denkiti/arbhdb100030.html
463,ノジマ,パナソニック ドラム洗濯機 NA-LX,パナソニック Panasonic ドラム式洗濯乾燥機 洗濯12kg 乾燥6kg 左開き マットホワイト NA-LX129EL-W(大型),NA-LX129EL-W,洗濯機本体,326751,289918,148600,17,318707,6,148600,2500,-158678,-106.78,False,high,23,https://store.shopping.yahoo.co.jp/denkichiweb/4550719001547.html
475,ノジマ,ダイキン エアコン AN,2559983 ARC472A34 ダイキン エアコン 用の リモコン ★ DAIKIN 2323514,ARC472A34,エアコン用リモコン,8129,6345,2100,120,2500,20,2100,3000,-7455,-355.0,False,high,140,https://store.shopping.yahoo.co.jp/denkiti/2323514.html
487,ノジマ,ダイソン コードレス掃除機 V15,山崎実業 プレート Plate コードレスクリーナースタンド ホワイト 3559 ダイソン専用 リビング 掃除機 掃除機立て dyson,PLATE,掃除機部品、アクセサリー,10120,8573,5800,120,3000,17,3000,800,-6673,-222.43,False,high,137,https://store.shopping.yahoo.co.jp/assistone/85009098.html
499,ノジマ,シャープ ヘルシオ 電子レンジ,シャープ ウォーターオーブンレンジ ヘルシオ AX-XJ1-W ホワイト系 [30L] SHARP 新生活 プレゼント ギフト 電子レンジ 爆買,AX-XJ1-W,電子レンジ,44800,38982,2940,70,44800,8,2940,800,-37136,-1263.13,False,high,78,https://store.shopping.yahoo.co.jp/emedama/4974019155531.html
511,ノジマ,象印 炊飯器 NW-,WEB限定 炊飯器 5合炊き 圧力IH タイガー  5.5合 炊きたて お手入れ2点 冷凍ご飯 調理 日本製 JPV-N100,JPV-N100,炊飯器本体,39800,34532,21000,8,28160,10,21000,800,-16432,-78.25,False,high,18,https://store.shopping.yahoo.co.jp/tiger-online/jpv-n100k.html
523,ノジマ,Apple MacBook Air M,マックブック 中古 Apple MacBook 13.3インチ Intel Core i5 -7360 メモリ16GB/SSD256GB シルバ WIFI/Bluetooth/カメラ 新生活 USキーボード,-7360,MacBook,39800,34532,7850,120,,0,7850,800,-28267,-360.09,False,high,120,https://store.shopping.yahoo.co.jp/pc-m/202107021602.html
535,ノジマ,iPad 第10世代,iPad Pro (M5) (M4) 11インチ iPad(A16) 第9世代 Air Pro ケース 防水 ペン収納 第十世代 第8世代 第7 第5 第4 防水ケース 防塵 カバー 衝撃吸収 第6 iPadPro,IPADPRO,iPadケース,5480,3987,58000,120,34490,20,34490,800,26254,76.12,True,high,140,https://store.shopping.yahoo.co.jp/looco-shop/redpipad.html
166,ビックカメラ,SONY α6400,ソニー　SONY　ミラーレス一眼カメラ　α6400 高倍率ズームレンズキット ILCE-6400M ブラック,ILCE-6400M,ミラーレス一眼カメラ,174900,154771,112500,84,132000,18,112500,600,-54121,-48.11,False,high,102,https://store.shopping.yahoo.co.jp/y-kojima/4548736092204.html
170,ビックカメラ,SONY WH-1000XM5,ソニー　SONY　ワイヤレスヘッドホン ノイズキャンセリング対応 リモコン・マイク対応 ブラック　WH-1000XM5BM,WH-1000XM5BM,ヘッドホン本体,54780,47864,24500,33,27500,18,24500,800,-26614,-108.63,False,high,51,https://store.shopping.yahoo.co.jp/y-kojima/4548736132566.html
571,ノジマ,Nintendo Switch 有機EL,ジョイコン Switch 純正 片方 左 右 スイッチ コントローラー ニンテンドースイッチ Joy-Con joycon L or R 選べるカラー 新品 レビュー特典 ラッピング対応,JOY-CON,Nintendo Switch用周辺機器,5280,3809,3325,120,1850,8,1850,800,-2944,-159.14,False,high,128,https://store.shopping.yahoo.co.jp/shkring1008/niswjc1.html
583,ノジマ,Apple Watch SE,アップルウォッチ バンド apple watch ベルト チタン 40mm 41mm 42mm 44mm 45mm 46mm 11 10 9  se ステンレス メンズ ビジネス,APPLE,スマートウォッチアクセサリー,5080,3631,7500,120,5280,15,5280,800,321,6.08,False,high,135,https://store.shopping.yahoo.co.jp/worldwatch/awti.html
595,ノジマ,ダイソン ドライヤー HD,ドライヤー ヘアドライヤー ダイソン 【レビューキャンペーン】 Dyson Supersonic ニッケル／コッパー HD08BNBC お得なシンプルモデル,SUPERSONIC,ヘアドライヤー,36080,31221,19500,120,4350,18,4350,800,-28106,-646.11,False,high,138,https://store.shopping.yahoo.co.jp/dyson/111938-01.html
607,ノジマ,バーミキュラ 炊飯器,バーミキュラ（Vermicular） ライスポット(セット)　トリュフグレー,VERMICULAR,炊飯器本体,95370,83989,17450,120,15400,16,15400,800,-70929,-460.58,False,high,136,https://store.shopping.yahoo.co.jp/ftk-tsutayaelectrics/mcok4589923561189.html
