rank,retailer,query,name,model,category,yahoo_price,net_cost,has_discount,discount_rate,is_clearance,mercapi_median,mercapi_count,yahooAuction_median,yahooAuction_count,conservative_median,shipping,profit_yen,profit_margin,is_profitable,confidence,total_count,yahoo_url
58,ノジマ,アウトレット,セール 明太子 無着色 辛子明太子 訳あり 切れ子 1kg  送料無料 めんたいこ(訳 ワケ わけあり）海鮮 グルメ bara-01,BARA-01,明太子,3680,2830,True,2.6,True,1201,120,3330,4,1201,800,-2549,-212.25,False,high,124,https://store.shopping.yahoo.co.jp/nakagawa-k-ichiba/bara2011-0602.html
59,ヨドバシカメラ,アウトレット,セール 明太子 無着色 辛子明太子 訳あり 切れ子 1kg  送料無料 めんたいこ(訳 ワケ わけあり）海鮮 グルメ bara-01,BARA-01,明太子,3680,2830,True,2.6,True,1201,120,3330,4,1201,800,-2549,-212.25,False,high,124,https://store.shopping.yahoo.co.jp/nakagawa-k-ichiba/bara2011-0602.html
60,ケーズデンキ,アウトレット,セール 明太子 無着色 辛子明太子 訳あり 切れ子 1kg  送料無料 めんたいこ(訳 ワケ わけあり）海鮮 グルメ bara-01,BARA-01,明太子,3680,2830,True,2.6,True,1201,120,3330,4,1201,800,-2549,-212.25,False,high,124,https://store.shopping.yahoo.co.jp/nakagawa-k-ichiba/bara2011-0602.html
70,ノジマ,アウトレット,セール 明太子 華ふくいち 徳用上切 訳あり 博多 辛子明太子1kg 送料無料 hanajyo プレゼント 贈答 ギフト 敬老の日,HANAJYO,明太子,4380,3453,True,2.2,True,3300,1,4430,2,3300,800,-1283,-38.88,False,medium,3,https://store.shopping.yahoo.co.jp/nakagawa-k-ichiba/hana2015-tokukire0619.html
71,ヨドバシカメラ,アウトレット,セール 明太子 華ふくいち 徳用上切 訳あり 博多 辛子明太子1kg 送料無料 hanajyo プレゼント 贈答 ギフト 敬老の日,HANAJYO,明太子,4380,3453,True,2.2,True,3300,1,4430,2,3300,800,-1283,-38.88,False,medium,3,https://store.shopping.yahoo.co.jp/nakagawa-k-ichiba/hana2015-tokukire0619.html
72,ケーズデンキ,アウトレット,セール 明太子 華ふくいち 徳用上切 訳あり 博多 辛子明太子1kg 送料無料 hanajyo プレゼント 贈答 ギフト 敬老の日,HANAJYO,明太子,4380,3453,True,2.2,True,3300,1,4430,2,3300,800,-1283,-38.88,False,medium,3,https://store.shopping.yahoo.co.jp/nakagawa-k-ichiba/hana2015-tokukire0619.html
1,ビックカメラ,アウトレット,【アウトレット品】 DALI ウーファー サテンブラック SUBE12N/SB [1本]【外箱不良品】 [振込不可],SUBE12N,サブウーハー,101980,90317,False,0,True,75000,1,120698,10,75000,800,-23617,-31.49,False,high,11,https://store.shopping.yahoo.co.jp/y-sofmap/2000398435024.html
2,ビックカメラ,アウトレット,【アウトレット品】 ダイキン エアコン S284ATRS-W ホワイト [おもに10畳用 /100V] 【外装不良品】,S284ATRS-W,家庭用エアコン,209980,186437,False,0,True,,0,7818,4,7818,3000,-182401,-2333.09,False,medium,4,https://store.shopping.yahoo.co.jp/y-sofmap/80041658.html
3,ビックカメラ,アウトレット,【アウトレット品】 ダイキン エアコン S364ATRS-W ホワイト [おもに12畳用 /100V] 【外装不良品】,S364ATRS-W,家庭用エアコン,229980,204237,False,0,True,,0,7818,4,7818,3000,-200201,-2560.77,False,medium,4,https://store.shopping.yahoo.co.jp/y-sofmap/80041659.html
4,ビックカメラ,アウトレット,【アウトレット品】 ダイキン エアコン S224ATRS-W ホワイト [おもに6畳用 /100V] 【外装不良品】,S224ATRS-W,家庭用エアコン,199980,177537,False,0,True,,0,7818,4,7818,3000,-173501,-2219.25,False,medium,4,https://store.shopping.yahoo.co.jp/y-sofmap/80041656.html
5,ビックカメラ,アウトレット,【アウトレット品】 ダイキン エアコン S254ATRS-W ホワイト [おもに8畳用 /100V] 【外装不良品】,S254ATRS-W,家庭用エアコン,199980,177537,False,0,True,,0,7818,4,7818,3000,-173501,-2219.25,False,medium,4,https://store.shopping.yahoo.co.jp/y-sofmap/80041657.html
6,ビックカメラ,展示品,〔中古〕〔展示品〕 LEDシーリングライト〔キレイに光る全面発光〕〔単色タイプ〕〔昼光色〕〔8畳〕   NLEH08BK1B-DLD ［8畳 ／昼光色 ／リモコン付属］,NLEH08BK1B-DLD,シーリングライト,7678,6388,False,0,True,3444,4,7678,1,3444,800,-4088,-118.71,False,high,5,https://store.shopping.yahoo.co.jp/y-sofmap/2133076507383.html
7,ビックカメラ,展示品,〔中古〕〔展示品〕 スティック型掃除機 TORNEO cordless(トルネオ コードレス) シフォンベージュ VC-CLW33-C ［サイクロン式 ／コードレス ／水拭き非対応］,VC-CLW33-C,掃除機,20878,18136,False,0,True,8416,12,20330,13,8416,800,-11362,-135.0,False,high,25,https://store.shopping.yahoo.co.jp/y-sofmap/2133075502419.html
8,ビックカメラ,展示品,〔中古〕〔展示品〕 温風＋遠赤ヒーター（1200W） ツインヒートプラス  EDBC-SVM121 ［カーボンヒーター・シーズヒーター ／人感センサーなし ／首振り機能］,EDBC-SVM121,電気ストーブ,7348,6095,False,0,True,9500,2,10300,10,9500,800,1655,17.42,True,high,12,https://store.shopping.yahoo.co.jp/y-sofmap/2133072046176.html
9,ビックカメラ,展示品,〔中古〕〔展示品〕 温風＋遠赤ヒーター（1200W） ツインヒートプラス  EDBC-SVM121 ［カーボンヒーター・シーズヒーター ／人感センサーなし ／首振り機能］,EDBC-SVM121,電気ストーブ,7348,6095,False,0,True,9500,2,10300,10,9500,800,1655,17.42,True,high,12,https://store.shopping.yahoo.co.jp/y-sofmap/2133071900714.html
10,ビックカメラ,展示品,〔中古〕〔展示品〕 充電式サイクロンスティッククリーナー　ゴミ収集ドック付　SCDL3PDHC  グレージュ  ［サイクロン式 ／コードレス ／水拭き非対応］,SCDL3PDHC,掃除機,35068,30766,False,0,True,29945,1,35068,6,29945,800,-4616,-15.41,False,high,7,https://store.shopping.yahoo.co.jp/y-sofmap/2133073540840.html
11,ビックカメラ,展示品,〔中古〕〔展示品〕 充電式サイクロンスティッククリーナー　ゴミ収集ドック付　SCDL3PDHC  グレージュ  ［サイクロン式 ／コードレス ／水拭き非対応］,SCDL3PDHC,掃除機,35068,30766,False,0,True,29945,1,35068,6,29945,800,-4616,-15.41,False,high,7,https://store.shopping.yahoo.co.jp/y-sofmap/2133073540772.html
12,ビックカメラ,外箱不良,LG(エルジー) 有機ELテレビ OLED55G5PJB [55V型 /Bluetooth対応 /4K対応 /BS・CS 4Kチューナー内蔵 /YouTube対応]【外箱不良品】 【お届け日時指定不可】,OLED55G5PJB,液晶テレビ、薄型テレビ,269980,239837,False,0,True,220940,2,230000,12,220940,1500,-42491,-19.23,False,high,14,https://store.shopping.yahoo.co.jp/y-sofmap/2000541976022.html
13,ビックカメラ,外箱不良,AQUA ドラム式洗濯乾燥機 ホワイト AQW-DM10R-R(W) [洗濯10.0kg /乾燥5.0kg /ヒートポンプ乾燥 /右開き]【外箱不良品】 【お届け日時指定不可】 [振込不可],AQW-DM10R-R,洗濯機本体,175740,155964,False,0,True,81300,30,89350,16,81300,2500,-85294,-104.91,False,high,46,https://store.shopping.yahoo.co.jp/y-sofmap/2000524327025.html
14,ビックカメラ,外箱不良,AQUA ドラム式洗濯乾燥機 ホワイト AQW-DM10R-L(W) [洗濯10.0kg /乾燥5.0kg /ヒートポンプ乾燥 /左開き]【外箱不良品】 【お届け日時指定不可】 [振込不可],AQW-DM10R-L,洗濯機本体,179980,159737,False,0,True,80500,41,91800,18,80500,2500,-89787,-111.54,False,high,59,https://store.shopping.yahoo.co.jp/y-sofmap/2000524326028.html
15,ビックカメラ,外箱不良,AQUA ドラム式洗濯乾燥機 AQUA ブラック AQW-DX12R-L(K) [洗濯12.0kg /乾燥6.0kg /ヒートポンプ乾燥 /左開き]【外箱不良品】 【お届け日時指定不可】 [振込不可],AQW-DX12R-L,洗濯機本体,189980,168637,False,0,True,82911,20,110000,12,82911,2500,-96517,-116.41,False,high,32,https://store.shopping.yahoo.co.jp/y-sofmap/2000524328022.html
16,ビックカメラ,外箱不良,AQUA ドラム式洗濯乾燥機 AQUA ホワイト AQW-DX12R-L(W) [洗濯12.0kg /乾燥6.0kg /ヒートポンプ乾燥 /左開き]【外箱不良品】 【お届け日時指定不可】 [振込不可],AQW-DX12R-L,洗濯機本体,189980,168637,False,0,True,82911,20,110000,12,82911,2500,-96517,-116.41,False,high,32,https://store.shopping.yahoo.co.jp/y-sofmap/2000524329029.html
17,ビックカメラ,外箱不良,【アウトレット品】 DALI ウーファー サテンブラック SUBE12N/SB [1本]【外箱不良品】 [振込不可],SUBE12N,サブウーハー,101980,90317,False,0,True,75000,1,120698,10,75000,800,-23617,-31.49,False,high,11,https://store.shopping.yahoo.co.jp/y-sofmap/2000398435024.html
18,ビックカメラ,在庫限り,【在庫限り】 ORIGINAL BASIC 双眼鏡 ジオマ HR8×25WP    ［8倍］,ORIGINAL,双眼鏡、オペラグラス,17800,15397,False,0,True,3728,120,2000,19,2000,800,-14397,-719.85,False,high,139,https://store.shopping.yahoo.co.jp/y-sofmap/4955295710140.html
19,ビックカメラ,在庫限り,【在庫限り】 ELPA LEDもてなしライト　HLH-1201-DB ダークブラウン [振込不可],HLH-1201-DB,消火器、消防用品,3880,3008,False,0,True,1999,3,4714,18,1999,800,-2009,-100.5,False,high,21,https://store.shopping.yahoo.co.jp/y-sofmap/4901087197002.html
