rank,name,model,category,seller,yahoo_price,net_cost,has_discount,discount_rate,mercapi_median,mercapi_count,mercapi_total_found,yahooAuction_median,yahooAuction_count,conservative_median,shipping,profit_yen,profit_margin,profit_small,is_profitable,confidence,total_count,yahoo_url
36,SIROCA　ハンディファン ストーングレー　SF-H631HS,SF-H631HS,扇風機本体,コジマYahoo!店,2530,1362,False,0,,0,0,2530,2,2530,600,315,12.45,615,False,low,2,https://store.shopping.yahoo.co.jp/y-kojima/4589919844296.html
1,サンコネクション 準固体バッテリー搭載 ハンディファン ChibiGEAR ホワイト SUNMHF-01 【864】,SUNMHF-01,扇風機本体,ソフマップ Yahoo!店,4378,3006,False,0,,0,0,4378,2,4378,600,334,7.63,634,False,low,2,https://store.shopping.yahoo.co.jp/y-sofmap/4573616740234.html
37,NAKAGAMI　大風量ハンディファン 充電式 台座付 ベージュ　YNG-LHF200-BE,YNG-LHF200-BE,扇風機本体,コジマYahoo!店,2178,1048,False,0,,0,0,2289,6,2289,600,412,18.0,712,True,high,6,https://store.shopping.yahoo.co.jp/y-kojima/4580441488804.html
38,ユアサ　折り畳み 5WAYハンディファン パワフル風量　YM-7020HS-H,YM-7020HS-H,扇風機本体,コジマYahoo!店,3980,2652,False,0,,0,0,3980,1,3980,600,330,8.29,630,False,low,1,https://store.shopping.yahoo.co.jp/y-kojima/4979966573971.html
2,SIROCA ハンディファン  ストーングレー SF-H631HS,SF-H631HS,扇風機本体,ソフマップ Yahoo!店,2530,1362,False,0,,0,0,2530,2,2530,600,315,12.45,615,False,low,2,https://store.shopping.yahoo.co.jp/y-sofmap/4589919844296.html
3,多摩電子工業 折り畳みハンディファン　オリオンビールコラボモデル ホワイト,,扇風機本体,ソフマップ Yahoo!店,2850,1646,False,0,,0,0,,0,,600,,,,False,none,0,https://store.shopping.yahoo.co.jp/y-sofmap/4518707317742.html
4,多摩電子工業 折り畳みハンディファン オリオンビールコラボモデル グレー,,扇風機本体,ソフマップ Yahoo!店,2850,1646,False,0,,0,0,,0,,600,,,,False,none,0,https://store.shopping.yahoo.co.jp/y-sofmap/4518707317759.html
5,NAKAGAMI 充電式大風量ハンディファン  ベージュ YNG-LHF200-BE,YNG-LHF200-BE,扇風機本体,ソフマップ Yahoo!店,2178,1048,False,0,,0,0,2289,6,2289,600,412,18.0,712,True,high,6,https://store.shopping.yahoo.co.jp/y-sofmap/4580441488804.html
7,ファンマックスジャパン ハンディクリーナー CellCube CCVC01-BG コードレス,CCVC01-BG,ハンディークリーナー,ソフマップ Yahoo!店,10610,8553,False,0,,0,0,8780,5,8780,600,-1251,-14.25,-951,False,high,5,https://store.shopping.yahoo.co.jp/y-sofmap/4582586410597.html
39,SIROCA　ハンディファン サーモンピンク　SF-H631PL,SF-H631PL,扇風機本体,コジマYahoo!店,2530,1362,False,0,,0,0,2508,3,2508,600,295,11.77,595,True,medium,3,https://store.shopping.yahoo.co.jp/y-kojima/4589919844272.html
40,SIROCA　ハンディファン ティール　SF-H631AG,SF-H631AG,扇風機本体,コジマYahoo!店,2530,1362,False,0,,0,0,2530,2,2530,600,315,12.45,615,False,low,2,https://store.shopping.yahoo.co.jp/y-kojima/4589919844265.html
41,多摩電子工業　折りたたみハンディファン オリオンビールコラボモデル ネックストラップ付き 卓上 ホワイト　ACP5-ORW,ACP5-ORW,扇風機本体,コジマYahoo!店,2850,1646,False,0,3839,1,1,2850,2,2850,600,319,11.19,619,True,medium,3,https://store.shopping.yahoo.co.jp/y-kojima/4518707317742.html
42,多摩電子工業　折りたたみハンディファン オリオンビールコラボモデル ネックストラップ付き 卓上 グレー　ACP5-ORH,ACP5-ORH,扇風機本体,コジマYahoo!店,2850,1646,False,0,,0,0,2850,2,2850,600,319,11.19,619,False,low,2,https://store.shopping.yahoo.co.jp/y-kojima/4518707317759.html
43,SIROCA　冷却プレート付きハンディファン ミルクティー　SF-H751-CH,SF-H751-CH,扇風機本体,コジマYahoo!店,2907,1697,False,0,,0,0,2962,2,2962,600,369,12.45,669,False,low,2,https://store.shopping.yahoo.co.jp/y-kojima/4589919850174.html
44,ヤマゼン　サーキュレーター扇風機 DCモーター搭載 (省エネタイプ) 23cm 7枚 PD仕様 リモコン付き グレージュ　RLX-MP023-C,RLX-MP023-C,扇風機本体,コジマYahoo!店,8400,6586,False,0,8682,4,6,7590,12,7590,600,-355,-4.68,-355,False,high,16,https://store.shopping.yahoo.co.jp/y-kojima/4550533145441.html
45,ヤマゼン　扇風機 DCモーター搭載 (省エネタイプ) 自動首振り機能あり 30cm 7枚 PD仕様 リモコン付き グレージュ　RLX-CP030-C,RLX-CP030-C,扇風機本体,コジマYahoo!店,6980,5322,False,0,6000,7,8,7390,12,6000,600,-522,-8.7,-522,False,high,19,https://store.shopping.yahoo.co.jp/y-kojima/4550533145861.html
46,ヤマゼン　サーキュレーター扇風機 DCモーター搭載 (省エネタイプ) 23cm 7枚 PD仕様 リモコン付き ライトグレー　RLX-MP023-H,RLX-MP023-H,扇風機本体,コジマYahoo!店,6980,5322,False,0,8500,1,1,6980,2,6980,600,360,5.16,360,False,medium,3,https://store.shopping.yahoo.co.jp/y-kojima/4550533145427.html
47,ダイソン　dyson　DysonHot＋Cool HF1remotelinkpre-heatファンヒーター ［DCモーター搭載 / リモコン付き］ ホワイト/シルバー　AM15WS,HF1REMOTELINKPRE-HEAT,扇風機本体,コジマYahoo!店,55500,48505,False,0,,0,0,55500,4,55500,600,845,1.52,845,False,medium,4,https://store.shopping.yahoo.co.jp/y-kojima/5025155111949.html
48,シィーネット　ハイポジ温度センサーDCリビング扇  ホワイト (35cm)　CFDH407WH,CFDH407WH,扇風機本体,コジマYahoo!店,12800,10502,False,0,777,3,3,8320,8,777,600,-10403,-1338.83,-10403,False,high,11,https://store.shopping.yahoo.co.jp/y-kojima/4571102092713.html
49,SIROCA　加湿付き温冷風扇　シロカのなごみ　ホワイト　［リモコン付き］　SH-C252,SH-C252,扇風機本体,コジマYahoo!店,23980,20452,False,0,7750,91,91,9600,18,7750,600,-14077,-181.64,-14077,False,high,109,https://store.shopping.yahoo.co.jp/y-kojima/4589919819881.html
65,ヤマゼン　衣類乾燥除湿機 コンプレッサー方式 7〜14畳目安 上下自動ルーバー タンク容量4.5L グレージュ　RCD-J60-C,RCD-J60-C,除湿機,コジマYahoo!店,19580,16536,False,0,12250,14,13,19168,6,12250,1200,-6711,-54.78,-6711,False,high,20,https://store.shopping.yahoo.co.jp/y-kojima/4550533146349.html
50,SIROCA　シロカ 壁掛け扇風機 壁掛けふわビューン DCモーター搭載 自動首振り機能あり リモコン付き ホワイト　SF-W251,SF-W251,扇風機本体,コジマYahoo!店,12980,10662,False,0,3300,3,3,13040,6,3300,600,-8292,-251.27,-8292,False,high,9,https://store.shopping.yahoo.co.jp/y-kojima/4589919849383.html
51,SWITCHBOT　スマートサーキュレーターLite ［DCモーター搭載 /リモコン付き］　W3800511,SWITCHBOT,扇風機本体,コジマYahoo!店,10980,8882,False,0,3840,120,15000,,0,3840,600,-6026,-156.93,-6026,False,high,120,https://store.shopping.yahoo.co.jp/y-kojima/0810150541441.html
60,ライフオンプロダクツ　Modern Collection パネライトサーキュレーター（6400lm） JAVALO ELF [リモコン付き /白色〜電球色]　JE-CF029,JE-CF029,その他天井照明、シーリングライト,コジマYahoo!店,32780,28284,False,0,13000,2,2,32780,10,13000,600,-17184,-132.18,-17184,False,high,12,https://store.shopping.yahoo.co.jp/y-kojima/4944370041743.html
61,ヤマゼン　サーキュレーター扇風機 DCモーター搭載 (省エネタイプ) 23cm 7枚 PD仕様 リモコン付き ブルーグレー　RLX-MP023-A,RLX-MP023-A,扇風機本体,コジマYahoo!店,6980,5322,False,0,7835,2,2,6980,1,6980,600,360,5.16,360,False,medium,3,https://store.shopping.yahoo.co.jp/y-kojima/4550533214475.html
62,SIROCA　3Dサーキュレーター扇風機 DCモーター搭載 (省エネタイプ) 自動首振り機能あり 23cm 5枚 リモコン付き ホワイト　SF-C223-W,SF-C223-W,扇風機本体,コジマYahoo!店,16800,14062,False,0,13000,4,4,16800,6,13000,600,-2962,-22.78,-2962,False,high,10,https://store.shopping.yahoo.co.jp/y-kojima/4589919837199.html
66,シャープ　SHARP　「除湿機用】HEPAフィルター　FZ-D10HF,FZ-D10HF,除湿機部品、アクセサリー,コジマYahoo!店,3630,2341,False,0,4500,18,15,4070,18,4070,1200,122,3.0,122,False,high,36,https://store.shopping.yahoo.co.jp/y-kojima/4974019819679.html
63,カドー　DC除菌サーキュレーター扇風機 クールグレー  (DCモーター搭載 /リモコン付き)　STR-1800F-CG,STR-1800F-CG,扇風機本体,コジマYahoo!店,33000,28480,False,0,23450,2,2,33000,6,23450,600,-7975,-34.01,-7975,False,high,8,https://store.shopping.yahoo.co.jp/y-kojima/4562337506731.html
64,エレコム　ELECOM　サーキュレーター 自動首振り機能あり タイマー機能 Type-C 給電 専用バッグ付き NESTOUT FAN-1 +ACCESSORIES ブラック　FAN-NEST-GF1FBK,FAN-NEST-GF1FBK,扇風機本体,コジマYahoo!店,13980,11552,False,0,9099,5,5,13980,6,9099,600,-3963,-43.55,-3963,False,high,11,https://store.shopping.yahoo.co.jp/y-kojima/4549550310475.html
67,シャープ　SHARP　「除湿機用】脱臭フィルター　FZ-D10DF,FZ-D10DF,除湿機部品、アクセサリー,コジマYahoo!店,2720,1531,False,0,8500,24,11,3321,18,3321,1200,258,7.77,258,False,high,42,https://store.shopping.yahoo.co.jp/y-kojima/4974019819686.html
