rank,name,category,seller,yahoo_price,coupon_discount,point_return,net_cost,is_clearance,mercari_median,mercari_min,profit_yen,profit_margin_pct,profit_small_post,is_profitable,yahoo_url
46,SIROCA　ハンディファン ストーングレー　SF-H631HS,扇風機本体,コジマYahoo!店,2530,1000,153,1362,False,4550,1300,2133,46.88,2433,True,https://store.shopping.yahoo.co.jp/y-kojima/4589919844296.html
1,サンコネクション 準固体バッテリー搭載 ハンディファン ChibiGEAR ホワイト SUNMHF-01 【864】,扇風機本体,ソフマップ Yahoo!店,4378,1000,338,3006,False,,,,,,False,https://store.shopping.yahoo.co.jp/y-sofmap/4573616740234.html
47,NAKAGAMI　大風量ハンディファン 充電式 台座付 ベージュ　YNG-LHF200-BE,扇風機本体,コジマYahoo!店,2178,1000,118,1048,False,,,,,,False,https://store.shopping.yahoo.co.jp/y-kojima/4580441488804.html
48,ユアサ　折り畳み 5WAYハンディファン パワフル風量　YM-7020HS-H,扇風機本体,コジマYahoo!店,3980,1000,298,2652,False,,,,,,False,https://store.shopping.yahoo.co.jp/y-kojima/4979966573971.html
2,SIROCA ハンディファン  ストーングレー SF-H631HS,扇風機本体,ソフマップ Yahoo!店,2530,1000,153,1362,False,4550,1300,2133,46.88,2433,True,https://store.shopping.yahoo.co.jp/y-sofmap/4589919844296.html
3,多摩電子工業 折り畳みハンディファン　オリオンビールコラボモデル ホワイト,扇風機本体,ソフマップ Yahoo!店,2850,1000,185,1646,False,1200,399,-1166,-97.17,-866,False,https://store.shopping.yahoo.co.jp/y-sofmap/4518707317742.html
4,NAKAGAMI 充電式大風量ハンディファン  ベージュ YNG-LHF200-BE,扇風機本体,ソフマップ Yahoo!店,2178,1000,118,1048,False,,,,,,False,https://store.shopping.yahoo.co.jp/y-sofmap/4580441488804.html
5,多摩電子工業 折り畳みハンディファン オリオンビールコラボモデル グレー,扇風機本体,ソフマップ Yahoo!店,2850,1000,185,1646,False,1080,390,-1274,-117.96,-974,False,https://store.shopping.yahoo.co.jp/y-sofmap/4518707317759.html
7,ファンマックスジャパン ハンディクリーナー CellCube CCVC01-BG コードレス,ハンディークリーナー,ソフマップ Yahoo!店,10610,1000,961,8553,False,,,,,,False,https://store.shopping.yahoo.co.jp/y-sofmap/4582586410597.html
49,SIROCA　ハンディファン サーモンピンク　SF-H631PL,扇風機本体,コジマYahoo!店,2530,1000,153,1362,False,4600,1300,2178,47.35,2478,True,https://store.shopping.yahoo.co.jp/y-kojima/4589919844272.html
50,SIROCA　ハンディファン ティール　SF-H631AG,扇風機本体,コジマYahoo!店,2530,1000,153,1362,False,3565,1300,1246,34.96,1546,True,https://store.shopping.yahoo.co.jp/y-kojima/4589919844265.html
51,多摩電子工業　折りたたみハンディファン オリオンビールコラボモデル ネックストラップ付き 卓上 グレー　ACP5-ORH,扇風機本体,コジマYahoo!店,2850,1000,185,1646,False,,,,,,False,https://store.shopping.yahoo.co.jp/y-kojima/4518707317759.html
52,多摩電子工業　折りたたみハンディファン オリオンビールコラボモデル ネックストラップ付き 卓上 ホワイト　ACP5-ORW,扇風機本体,コジマYahoo!店,2850,1000,185,1646,False,3344,2850,764,22.83,1064,True,https://store.shopping.yahoo.co.jp/y-kojima/4518707317742.html
53,SIROCA　冷却プレート付きハンディファン ダークネイビー　SF-H751-AD,扇風機本体,コジマYahoo!店,2907,1000,191,1697,False,4900,1300,2113,43.12,2413,True,https://store.shopping.yahoo.co.jp/y-kojima/4589919850167.html
54,SIROCA　冷却プレート付きハンディファン ミルクティー　SF-H751-CH,扇風機本体,コジマYahoo!店,2907,1000,191,1697,False,6500,2500,3553,54.66,3853,True,https://store.shopping.yahoo.co.jp/y-kojima/4589919850174.html
55,コンピューケースジャパン　USBハンディファン agreen マーブルグリーン　JUF-KF07-MGR,扇風機本体,コジマYahoo!店,2980,1000,198,1762,False,,,,,,False,https://store.shopping.yahoo.co.jp/y-kojima/4541995040535.html
56,SIROCA　冷却プレート付きハンディファン ホワイト　SF-H751-W,扇風機本体,コジマYahoo!店,2907,1000,191,1697,False,9000,1500,5803,64.48,6103,True,https://store.shopping.yahoo.co.jp/y-kojima/4589919850181.html
57,ユアサ　折り畳み 5WAYハンディファン パワフル風量　YM-7020HS-A,扇風機本体,コジマYahoo!店,3980,1000,298,2652,False,3000,1900,-552,-18.4,-252,False,https://store.shopping.yahoo.co.jp/y-kojima/4979966573988.html
96,ORIGINALBASIC　【アウトレット】フェイストリマー(顔・眉・鼻・耳)充電交流式 Type-C対応 ブラック　OB-FT01,眉毛、フェイスシェーバー,コジマYahoo!店,2980,1000,198,1762,True,2280,900,-310,-13.6,-10,False,https://store.shopping.yahoo.co.jp/y-kojima/4950404010111.html
41,【アウトレット品】 ダイキン エアコン S224ATRS-W ホワイト [おもに6畳用 /100V] 【外装不良品】,家庭用エアコン,ソフマップ Yahoo!店,199980,1000,19898,177092,True,,,,,,False,https://store.shopping.yahoo.co.jp/y-sofmap/80041656.html
42,【アウトレット品】 DALI ウーファー サテンブラック SUBE12N/SB [1本]【外箱不良品】 [振込不可],サブウーハー,ソフマップ Yahoo!店,101980,1000,10098,89872,True,29999,23810,-63473,-211.58,-63173,False,https://store.shopping.yahoo.co.jp/y-sofmap/2000398435024.html
43,【アウトレット品】 ダイキン エアコン S254ATRS-W ホワイト [おもに8畳用 /100V] 【外装不良品】,家庭用エアコン,ソフマップ Yahoo!店,199980,1000,19898,177092,True,,,,,,False,https://store.shopping.yahoo.co.jp/y-sofmap/80041657.html
44,【アウトレット品】 ダイキン エアコン S284ATRS-W ホワイト [おもに10畳用 /100V] 【外装不良品】,家庭用エアコン,ソフマップ Yahoo!店,209980,1000,20898,185992,True,,,,,,False,https://store.shopping.yahoo.co.jp/y-sofmap/80041658.html
45,【アウトレット品】 ダイキン エアコン S364ATRS-W ホワイト [おもに12畳用 /100V] 【外装不良品】,家庭用エアコン,ソフマップ Yahoo!店,229980,1000,22898,203792,True,,,,,,False,https://store.shopping.yahoo.co.jp/y-sofmap/80041659.html
58,ヤマゼン　サーキュレーター扇風機 DCモーター搭載 (省エネタイプ) 23cm 7枚 PD仕様 リモコン付き グレージュ　RLX-MP023-C,扇風機本体,コジマYahoo!店,6980,1000,598,5322,False,8699,8699,1907,21.92,2207,True,https://store.shopping.yahoo.co.jp/y-kojima/4550533145441.html
59,ヤマゼン　扇風機 DCモーター搭載 (省エネタイプ) 自動首振り機能あり 30cm 7枚 PD仕様 リモコン付き グレージュ　RLX-CP030-C,扇風機本体,コジマYahoo!店,6980,1000,598,5322,False,6750,6000,153,2.27,453,False,https://store.shopping.yahoo.co.jp/y-kojima/4550533145861.html
60,ヤマゼン　サーキュレーター扇風機 DCモーター搭載 (省エネタイプ) 23cm 7枚 PD仕様 リモコン付き ライトグレー　RLX-MP023-H,扇風機本体,コジマYahoo!店,6980,1000,598,5322,False,8500,8500,1728,20.33,2028,True,https://store.shopping.yahoo.co.jp/y-kojima/4550533145427.html
61,シィーネット　ハイポジ温度センサーDCリビング扇  ホワイト (35cm)　CFDH407WH,扇風機本体,コジマYahoo!店,9980,1000,898,7992,False,,,,,,False,https://store.shopping.yahoo.co.jp/y-kojima/4571102092713.html
62,ダイソン　dyson　DysonHot＋Cool HF1remotelinkpre-heatファンヒーター ［DCモーター搭載 / リモコン付き］ ホワイト/シルバー　AM15WS,扇風機本体,コジマYahoo!店,55500,1000,5450,48505,False,10000,1700,-40105,-401.05,-39805,False,https://store.shopping.yahoo.co.jp/y-kojima/5025155111949.html
63,SIROCA　加湿付き温冷風扇　シロカのなごみ　ホワイト　［リモコン付き］　SH-C252,扇風機本体,コジマYahoo!店,20790,1000,1979,17613,False,9999,3600,-9214,-92.15,-8914,False,https://store.shopping.yahoo.co.jp/y-kojima/4589919819881.html
84,ヤマゼン　衣類乾燥除湿機 コンプレッサー方式 7〜14畳目安 上下自動ルーバー タンク容量4.5L グレージュ　RCD-J60-C,除湿機,コジマYahoo!店,19580,1000,1858,16536,False,12500,9980,-5886,-47.09,-5586,False,https://store.shopping.yahoo.co.jp/y-kojima/4550533146349.html
64,SIROCA　シロカ 壁掛け扇風機 壁掛けふわビューン DCモーター搭載 自動首振り機能あり リモコン付き ホワイト　SF-W251,扇風機本体,コジマYahoo!店,12980,1000,1198,10662,False,6200,1300,-5682,-91.65,-5382,False,https://store.shopping.yahoo.co.jp/y-kojima/4589919849383.html
65,SWITCHBOT　スマートサーキュレーターLite ［DCモーター搭載 /リモコン付き］　W3800511,扇風機本体,コジマYahoo!店,10980,1000,998,8882,False,12000,691,1318,10.98,1618,True,https://store.shopping.yahoo.co.jp/y-kojima/0810150541441.html
78,ライフオンプロダクツ　Modern Collection パネライトサーキュレーター（6400lm） JAVALO ELF [リモコン付き /白色〜電球色]　JE-CF029,その他天井照明、シーリングライト,コジマYahoo!店,32780,1000,3178,28284,False,3700,1080,-25554,-690.65,-25254,False,https://store.shopping.yahoo.co.jp/y-kojima/4944370041743.html
66,クレイモア　卓上扇風機 DCモーター搭載 (省エネタイプ) FAN V600＋ 充電式 SAND BEIGE　CLFN-V610,扇風機本体,コジマYahoo!店,5980,1000,498,4432,False,5000,1300,-532,-10.64,-232,False,https://store.shopping.yahoo.co.jp/y-kojima/4589603333662.html
